{
  "HomeProductCollectionViewCell": {
    "cls": "UICollectionViewCell",
    "subView": [
      {
        "cls": "UIImageView",
        "name": "mainImageView",
        "image": "",
        "bgColor": "",
        "cornerRadius": "",
        "masksToBounds": false,
        "alignmentCenter": false,
        "alignmentLeft": false,
        "hugging": false,
        "compress": false,
        "layout": {
          "top": false,
          "left": false,
          "bottom": false,
          "right": false,
          "width": false,
          "height": false,
          "centerX": false,
          "centerY": false,
          "edge": false,
          "size": false
        }
      },
      {
        "cls": "UILabel",
        "name": "namaLabel",
        "textColor": "",
        "font": "",
        "text": "狗粮",
        "bgColor": "",
        "alignmentCenter": false,
        "alignmentLeft": false,
        "linesNumberZero": false,
        "hugging": false,
        "compress": false,
        "cornerRadius": "",
        "masksToBounds": false,
        "borderColor": "",
        "borderWidth": "",
        "layout": {
          "top": false,
          "left": false,
          "bottom": false,
          "right": false,
          "width": false,
          "height": false,
          "centerX": false,
          "centerY": false,
          "edge": false,
          "size": false
        }
      },
      {
        "cls": "UICollectionView",
        "name": "iconcccc",
        "bgColor": "",
        "hideVerticalScrollIndicator": false,
        "hideHorizontalScrollIndicator": false,
        "layout": {
          "top": false,
          "left": false,
          "bottom": false,
          "right": false,
          "width": false,
          "height": false,
          "centerX": false,
          "centerY": false,
          "edge": false,
          "size": false
        },
        "creatCells": [
        ]
      }
    ]
  },
  "HomepatePetCell": {
    "cls": "UICollectionViewCell",
    "subView": [
      {
        "cls": "UIView",
        "name": "hh",
        "bgColor": "",
        "cornerRadius": "",
        "masksToBounds": false,
        "borderColor": "",
        "borderWidth": "",
        "subView": [
          {
            "cls": "UILabel",
            "name": "lll",
            "textColor": "111",
            "font": "",
            "text": "",
            "bgColor": "",
            "alignmentCenter": false,
            "alignmentLeft": false,
            "linesNumberZero": false,
            "hugging": false,
            "compress": false,
            "cornerRadius": "",
            "masksToBounds": false,
            "borderColor": "",
            "borderWidth": "",
            "layout": {
              "top": false,
              "left": false,
              "bottom": false,
              "right": false,
              "width": false,
              "height": false,
              "centerX": false,
              "centerY": false,
              "edge": false,
              "size": false
            }
          },
          {
            "cls": "UIButton",
            "name": "bbb",
            "SELMethod": "",
            "textColor": "222",
            "font": "",
            "text": "",
            "bgColor": "",
            "cornerRadius": "",
            "masksToBounds": false,
            "alignmentCenter": false,
            "alignmentLeft": false,
            "hugging": false,
            "compress": false,
            "layout": {
              "top": false,
              "left": false,
              "bottom": false,
              "right": false,
              "width": false,
              "height": false,
              "centerX": false,
              "centerY": false,
              "edge": false,
              "size": false
            }
          }
        ],
        "layout": {
          "top": false,
          "left": false,
          "bottom": false,
          "right": false,
          "width": false,
          "height": false,
          "centerX": false,
          "centerY": false,
          "edge": false,
          "size": false
        }
      }
    ]
  },
  "_bhrignore_example_________________________________________________________________": {
    "UIView": {
      "cls": "UIView",
      "name": "",
      "bgColor": "",
      "cornerRadius": "",
      "masksToBounds": false,
      "borderColor": "",
      "borderWidth": "",
      "subView": [
      ],
      "layout": {
        "top": false,
        "left": false,
        "bottom": false,
        "right": false,
        "width": false,
        "height": false,
        "centerX": false,
        "centerY": false,
        "edge": false,
        "size": false
      }
    },
    "UILabel": {
      "cls": "UILabel",
      "name": "",
      "textColor": "",
      "font": "",
      "text": "",
      "bgColor": "",
      "alignmentCenter": false,
      "alignmentLeft": false,
      "linesNumberZero": false,
      "hugging": false,
      "compress": false,
      "cornerRadius": "",
      "masksToBounds": false,
      "borderColor": "",
      "borderWidth": "",
      "layout": {
        "top": false,
        "left": false,
        "bottom": false,
        "right": false,
        "width": false,
        "height": false,
        "centerX": false,
        "centerY": false,
        "edge": false,
        "size": false
      }
    },
    "UIButton": {
      "cls": "UIButton",
      "name": "",
      "SELMethod": "",
      "textColor": "",
      "font": "",
      "text": "",
      "bgColor": "",
      "cornerRadius": "",
      "masksToBounds": false,
      "alignmentCenter": false,
      "alignmentLeft": false,
      "hugging": false,
      "compress": false,
      "layout": {
        "top": false,
        "left": false,
        "bottom": false,
        "right": false,
        "width": false,
        "height": false,
        "centerX": false,
        "centerY": false,
        "edge": false,
        "size": false
      }
    },
    "UIImageView": {
      "cls": "UIImageView",
      "name": "",
      "image": "",
      "bgColor": "",
      "cornerRadius": "",
      "masksToBounds": false,
      "alignmentCenter": false,
      "alignmentLeft": false,
      "hugging": false,
      "compress": false,
      "layout": {
        "top": false,
        "left": false,
        "bottom": false,
        "right": false,
        "width": false,
        "height": false,
        "centerX": false,
        "centerY": false,
        "edge": false,
        "size": false
      }
    },
    "UITableView": {
      "cls": "UITableView",
      "name": "tableView",
      "bgColor": "",
      "hideVerticalScrollIndicator": false,
      "hideHorizontalScrollIndicator": false,
      "layout": {
        "top": false,
        "left": false,
        "bottom": false,
        "right": false,
        "width": false,
        "height": false,
        "centerX": false,
        "centerY": false,
        "edge": false,
        "size": false
      },
      "creatCells": [
      ]
    },
    "UITableViewCell": {
      "cls": "UITableViewCell",
      "subView": [
      ]
    },
    "UICollectionView": {
      "cls": "UICollectionView",
      "name": "",
      "bgColor": "",
      "hideVerticalScrollIndicator": false,
      "hideHorizontalScrollIndicator": false,
      "layout": {
        "top": false,
        "left": false,
        "bottom": false,
        "right": false,
        "width": false,
        "height": false,
        "centerX": false,
        "centerY": false,
        "edge": false,
        "size": false
      },
      "creatCells": [
      ]
    },
    "UICollectionViewCell": {
      "cls": "UICollectionViewCell",
      "subView": [
      ]
    },
    "newVC": {
      "cls": "UIViewController",
      "newclassRole": {
        "newclass": "",
        "subView": [
        ]
      }
    }
  }
}